<?xml version="1.0" encoding="UTF-8"?>
<depth_maps version="1.5.0">
  <depth_map camera_id="0" level="0" path="0/d0.exr">
    <calibration type="frame">
      <resolution width="1170" height="1182"/>
      <f>1445.7483460381545</f>
      <cx>45.624655262691704</cx>
      <cy>-2.2043546395484555</cy>
    </calibration>
  </depth_map>
  <depth_map camera_id="0" level="1" path="1/d0.exr">
    <calibration type="frame">
      <resolution width="585" height="591"/>
      <f>722.87417301907726</f>
      <cx>22.812327631345852</cx>
      <cy>-1.1021773197742277</cy>
    </calibration>
  </depth_map>
  <depth_map camera_id="0" level="2" path="2/d0.exr">
    <calibration type="frame">
      <resolution width="293" height="296"/>
      <f>361.43708650953863</f>
      <cx>11.156163815672926</cx>
      <cy>-0.80108865988711386</cy>
    </calibration>
  </depth_map>
  <depth_map camera_id="1" level="0" path="0/d1.exr">
    <calibration type="frame">
      <resolution width="1170" height="1182"/>
      <f>1445.7483460381545</f>
      <cx>45.624655262691704</cx>
      <cy>-2.2043546395484555</cy>
    </calibration>
  </depth_map>
  <depth_map camera_id="1" level="1" path="1/d1.exr">
    <calibration type="frame">
      <resolution width="585" height="591"/>
      <f>722.87417301907726</f>
      <cx>22.812327631345852</cx>
      <cy>-1.1021773197742277</cy>
    </calibration>
  </depth_map>
  <depth_map camera_id="1" level="2" path="2/d1.exr">
    <calibration type="frame">
      <resolution width="293" height="296"/>
      <f>361.43708650953863</f>
      <cx>11.156163815672926</cx>
      <cy>-0.80108865988711386</cy>
    </calibration>
  </depth_map>
  <depth_map camera_id="2" level="0" path="0/d2.exr">
    <calibration type="frame">
      <resolution width="1170" height="1182"/>
      <f>1445.7483460381545</f>
      <cx>45.624655262691704</cx>
      <cy>-2.2043546395484555</cy>
    </calibration>
  </depth_map>
  <depth_map camera_id="2" level="1" path="1/d2.exr">
    <calibration type="frame">
      <resolution width="585" height="591"/>
      <f>722.87417301907726</f>
      <cx>22.812327631345852</cx>
      <cy>-1.1021773197742277</cy>
    </calibration>
  </depth_map>
  <depth_map camera_id="2" level="2" path="2/d2.exr">
    <calibration type="frame">
      <resolution width="293" height="296"/>
      <f>361.43708650953863</f>
      <cx>11.156163815672926</cx>
      <cy>-0.80108865988711386</cy>
    </calibration>
  </depth_map>
  <depth_map camera_id="3" level="0" path="0/d3.exr">
    <calibration type="frame">
      <resolution width="1170" height="1182"/>
      <f>1445.7483460381545</f>
      <cx>45.624655262691704</cx>
      <cy>-2.2043546395484555</cy>
    </calibration>
  </depth_map>
  <depth_map camera_id="3" level="1" path="1/d3.exr">
    <calibration type="frame">
      <resolution width="585" height="591"/>
      <f>722.87417301907726</f>
      <cx>22.812327631345852</cx>
      <cy>-1.1021773197742277</cy>
    </calibration>
  </depth_map>
  <depth_map camera_id="3" level="2" path="2/d3.exr">
    <calibration type="frame">
      <resolution width="293" height="296"/>
      <f>361.43708650953863</f>
      <cx>11.156163815672926</cx>
      <cy>-0.80108865988711386</cy>
    </calibration>
  </depth_map>
  <depth_map camera_id="4" level="0" path="0/d4.exr">
    <calibration type="frame">
      <resolution width="1170" height="1182"/>
      <f>1445.7483460381545</f>
      <cx>45.624655262691704</cx>
      <cy>-2.2043546395484555</cy>
    </calibration>
  </depth_map>
  <depth_map camera_id="4" level="1" path="1/d4.exr">
    <calibration type="frame">
      <resolution width="585" height="591"/>
      <f>722.87417301907726</f>
      <cx>22.812327631345852</cx>
      <cy>-1.1021773197742277</cy>
    </calibration>
  </depth_map>
  <depth_map camera_id="4" level="2" path="2/d4.exr">
    <calibration type="frame">
      <resolution width="293" height="296"/>
      <f>361.43708650953863</f>
      <cx>11.156163815672926</cx>
      <cy>-0.80108865988711386</cy>
    </calibration>
  </depth_map>
  <depth_map camera_id="5" level="0" path="0/d5.exr">
    <calibration type="frame">
      <resolution width="1170" height="1182"/>
      <f>1445.7483460381545</f>
      <cx>45.624655262691704</cx>
      <cy>-2.2043546395484555</cy>
    </calibration>
  </depth_map>
  <depth_map camera_id="5" level="1" path="1/d5.exr">
    <calibration type="frame">
      <resolution width="585" height="591"/>
      <f>722.87417301907726</f>
      <cx>22.812327631345852</cx>
      <cy>-1.1021773197742277</cy>
    </calibration>
  </depth_map>
  <depth_map camera_id="5" level="2" path="2/d5.exr">
    <calibration type="frame">
      <resolution width="293" height="296"/>
      <f>361.43708650953863</f>
      <cx>11.156163815672926</cx>
      <cy>-0.80108865988711386</cy>
    </calibration>
  </depth_map>
  <depth_map camera_id="6" level="0" path="0/d6.exr">
    <calibration type="frame">
      <resolution width="1170" height="1182"/>
      <f>1445.7483460381545</f>
      <cx>45.624655262691704</cx>
      <cy>-2.2043546395484555</cy>
    </calibration>
  </depth_map>
  <depth_map camera_id="6" level="1" path="1/d6.exr">
    <calibration type="frame">
      <resolution width="585" height="591"/>
      <f>722.87417301907726</f>
      <cx>22.812327631345852</cx>
      <cy>-1.1021773197742277</cy>
    </calibration>
  </depth_map>
  <depth_map camera_id="6" level="2" path="2/d6.exr">
    <calibration type="frame">
      <resolution width="293" height="296"/>
      <f>361.43708650953863</f>
      <cx>11.156163815672926</cx>
      <cy>-0.80108865988711386</cy>
    </calibration>
  </depth_map>
  <depth_map camera_id="7" level="0" path="0/d7.exr">
    <calibration type="frame">
      <resolution width="1170" height="1173"/>
      <f>1422.802233758096</f>
      <cx>9.2211039946110986</cx>
      <cy>7.2699714520214229</cy>
    </calibration>
  </depth_map>
  <depth_map camera_id="7" level="1" path="1/d7.exr">
    <calibration type="frame">
      <resolution width="585" height="587"/>
      <f>711.401116879048</f>
      <cx>4.6105519973055493</cx>
      <cy>3.3849857260107115</cy>
    </calibration>
  </depth_map>
  <depth_map camera_id="7" level="2" path="2/d7.exr">
    <calibration type="frame">
      <resolution width="293" height="294"/>
      <f>355.700558439524</f>
      <cx>2.0552759986527747</cx>
      <cy>1.4424928630053557</cy>
    </calibration>
  </depth_map>
  <depth_map camera_id="8" level="0" path="0/d8.exr">
    <calibration type="frame">
      <resolution width="1170" height="1173"/>
      <f>1422.802233758096</f>
      <cx>9.2211039946110986</cx>
      <cy>7.2699714520214229</cy>
    </calibration>
  </depth_map>
  <depth_map camera_id="8" level="1" path="1/d8.exr">
    <calibration type="frame">
      <resolution width="585" height="587"/>
      <f>711.401116879048</f>
      <cx>4.6105519973055493</cx>
      <cy>3.3849857260107115</cy>
    </calibration>
  </depth_map>
  <depth_map camera_id="8" level="2" path="2/d8.exr">
    <calibration type="frame">
      <resolution width="293" height="294"/>
      <f>355.700558439524</f>
      <cx>2.0552759986527747</cx>
      <cy>1.4424928630053557</cy>
    </calibration>
  </depth_map>
  <depth_map camera_id="9" level="0" path="0/d9.exr">
    <calibration type="frame">
      <resolution width="1170" height="1173"/>
      <f>1422.802233758096</f>
      <cx>9.2211039946110986</cx>
      <cy>7.2699714520214229</cy>
    </calibration>
  </depth_map>
  <depth_map camera_id="9" level="1" path="1/d9.exr">
    <calibration type="frame">
      <resolution width="585" height="587"/>
      <f>711.401116879048</f>
      <cx>4.6105519973055493</cx>
      <cy>3.3849857260107115</cy>
    </calibration>
  </depth_map>
  <depth_map camera_id="9" level="2" path="2/d9.exr">
    <calibration type="frame">
      <resolution width="293" height="294"/>
      <f>355.700558439524</f>
      <cx>2.0552759986527747</cx>
      <cy>1.4424928630053557</cy>
    </calibration>
  </depth_map>
  <depth_map camera_id="10" level="0" path="0/d10.exr">
    <calibration type="frame">
      <resolution width="1170" height="1173"/>
      <f>1422.802233758096</f>
      <cx>9.2211039946110986</cx>
      <cy>7.2699714520214229</cy>
    </calibration>
  </depth_map>
  <depth_map camera_id="10" level="1" path="1/d10.exr">
    <calibration type="frame">
      <resolution width="585" height="587"/>
      <f>711.401116879048</f>
      <cx>4.6105519973055493</cx>
      <cy>3.3849857260107115</cy>
    </calibration>
  </depth_map>
  <depth_map camera_id="10" level="2" path="2/d10.exr">
    <calibration type="frame">
      <resolution width="293" height="294"/>
      <f>355.700558439524</f>
      <cx>2.0552759986527747</cx>
      <cy>1.4424928630053557</cy>
    </calibration>
  </depth_map>
  <depth_map camera_id="11" level="0" path="0/d11.exr">
    <calibration type="frame">
      <resolution width="1170" height="1173"/>
      <f>1422.802233758096</f>
      <cx>9.2211039946110986</cx>
      <cy>7.2699714520214229</cy>
    </calibration>
  </depth_map>
  <depth_map camera_id="11" level="1" path="1/d11.exr">
    <calibration type="frame">
      <resolution width="585" height="587"/>
      <f>711.401116879048</f>
      <cx>4.6105519973055493</cx>
      <cy>3.3849857260107115</cy>
    </calibration>
  </depth_map>
  <depth_map camera_id="11" level="2" path="2/d11.exr">
    <calibration type="frame">
      <resolution width="293" height="294"/>
      <f>355.700558439524</f>
      <cx>2.0552759986527747</cx>
      <cy>1.4424928630053557</cy>
    </calibration>
  </depth_map>
  <depth_map camera_id="12" level="0" path="0/d12.exr">
    <calibration type="frame">
      <resolution width="1170" height="1173"/>
      <f>1422.802233758096</f>
      <cx>9.2211039946110986</cx>
      <cy>7.2699714520214229</cy>
    </calibration>
  </depth_map>
  <depth_map camera_id="12" level="1" path="1/d12.exr">
    <calibration type="frame">
      <resolution width="585" height="587"/>
      <f>711.401116879048</f>
      <cx>4.6105519973055493</cx>
      <cy>3.3849857260107115</cy>
    </calibration>
  </depth_map>
  <depth_map camera_id="12" level="2" path="2/d12.exr">
    <calibration type="frame">
      <resolution width="293" height="294"/>
      <f>355.700558439524</f>
      <cx>2.0552759986527747</cx>
      <cy>1.4424928630053557</cy>
    </calibration>
  </depth_map>
  <depth_map camera_id="13" level="0" path="0/d13.exr">
    <calibration type="frame">
      <resolution width="1170" height="1173"/>
      <f>1422.802233758096</f>
      <cx>9.2211039946110986</cx>
      <cy>7.2699714520214229</cy>
    </calibration>
  </depth_map>
  <depth_map camera_id="13" level="1" path="1/d13.exr">
    <calibration type="frame">
      <resolution width="585" height="587"/>
      <f>711.401116879048</f>
      <cx>4.6105519973055493</cx>
      <cy>3.3849857260107115</cy>
    </calibration>
  </depth_map>
  <depth_map camera_id="13" level="2" path="2/d13.exr">
    <calibration type="frame">
      <resolution width="293" height="294"/>
      <f>355.700558439524</f>
      <cx>2.0552759986527747</cx>
      <cy>1.4424928630053557</cy>
    </calibration>
  </depth_map>
  <depth_map camera_id="14" level="0" path="0/d14.exr">
    <calibration type="frame">
      <resolution width="1170" height="1173"/>
      <f>1422.802233758096</f>
      <cx>9.2211039946110986</cx>
      <cy>7.2699714520214229</cy>
    </calibration>
  </depth_map>
  <depth_map camera_id="14" level="1" path="1/d14.exr">
    <calibration type="frame">
      <resolution width="585" height="587"/>
      <f>711.401116879048</f>
      <cx>4.6105519973055493</cx>
      <cy>3.3849857260107115</cy>
    </calibration>
  </depth_map>
  <depth_map camera_id="14" level="2" path="2/d14.exr">
    <calibration type="frame">
      <resolution width="293" height="294"/>
      <f>355.700558439524</f>
      <cx>2.0552759986527747</cx>
      <cy>1.4424928630053557</cy>
    </calibration>
  </depth_map>
  <depth_map camera_id="15" level="0" path="0/d15.exr">
    <calibration type="frame">
      <resolution width="1065" height="563"/>
      <f>1049.5490301838536</f>
      <cx>0.051877781183293337</cx>
      <cy>-0.40376126387963041</cy>
    </calibration>
  </depth_map>
  <depth_map camera_id="15" level="1" path="1/d15.exr">
    <calibration type="frame">
      <resolution width="533" height="282"/>
      <f>524.77451509192679</f>
      <cx>-0.22406110940835333</cx>
      <cy>-0.4518806319398152</cy>
    </calibration>
  </depth_map>
  <depth_map camera_id="15" level="2" path="2/d15.exr">
    <calibration type="frame">
      <resolution width="267" height="141"/>
      <f>262.38725754596339</f>
      <cx>-0.36203055470417667</cx>
      <cy>-0.2259403159699076</cy>
    </calibration>
  </depth_map>
  <depth_map camera_id="16" level="0" path="0/d16.exr">
    <calibration type="frame">
      <resolution width="1065" height="563"/>
      <f>1049.5490301838536</f>
      <cx>0.051877781183293337</cx>
      <cy>-0.40376126387963041</cy>
    </calibration>
  </depth_map>
  <depth_map camera_id="16" level="1" path="1/d16.exr">
    <calibration type="frame">
      <resolution width="533" height="282"/>
      <f>524.77451509192679</f>
      <cx>-0.22406110940835333</cx>
      <cy>-0.4518806319398152</cy>
    </calibration>
  </depth_map>
  <depth_map camera_id="16" level="2" path="2/d16.exr">
    <calibration type="frame">
      <resolution width="267" height="141"/>
      <f>262.38725754596339</f>
      <cx>-0.36203055470417667</cx>
      <cy>-0.2259403159699076</cy>
    </calibration>
  </depth_map>
  <depth_map camera_id="17" level="0" path="0/d17.exr">
    <calibration type="frame">
      <resolution width="1065" height="563"/>
      <f>1049.5490301838536</f>
      <cx>0.051877781183293337</cx>
      <cy>-0.40376126387963041</cy>
    </calibration>
  </depth_map>
  <depth_map camera_id="17" level="1" path="1/d17.exr">
    <calibration type="frame">
      <resolution width="533" height="282"/>
      <f>524.77451509192679</f>
      <cx>-0.22406110940835333</cx>
      <cy>-0.4518806319398152</cy>
    </calibration>
  </depth_map>
  <depth_map camera_id="17" level="2" path="2/d17.exr">
    <calibration type="frame">
      <resolution width="267" height="141"/>
      <f>262.38725754596339</f>
      <cx>-0.36203055470417667</cx>
      <cy>-0.2259403159699076</cy>
    </calibration>
  </depth_map>
  <depth_map camera_id="18" level="0" path="0/d18.exr">
    <calibration type="frame">
      <resolution width="1065" height="563"/>
      <f>1049.5490301838536</f>
      <cx>0.051877781183293337</cx>
      <cy>-0.40376126387963041</cy>
    </calibration>
  </depth_map>
  <depth_map camera_id="18" level="1" path="1/d18.exr">
    <calibration type="frame">
      <resolution width="533" height="282"/>
      <f>524.77451509192679</f>
      <cx>-0.22406110940835333</cx>
      <cy>-0.4518806319398152</cy>
    </calibration>
  </depth_map>
  <depth_map camera_id="18" level="2" path="2/d18.exr">
    <calibration type="frame">
      <resolution width="267" height="141"/>
      <f>262.38725754596339</f>
      <cx>-0.36203055470417667</cx>
      <cy>-0.2259403159699076</cy>
    </calibration>
  </depth_map>
  <depth_map camera_id="19" level="0" path="0/d19.exr">
    <calibration type="frame">
      <resolution width="1065" height="563"/>
      <f>1049.5490301838536</f>
      <cx>0.051877781183293337</cx>
      <cy>-0.40376126387963041</cy>
    </calibration>
  </depth_map>
  <depth_map camera_id="19" level="1" path="1/d19.exr">
    <calibration type="frame">
      <resolution width="533" height="282"/>
      <f>524.77451509192679</f>
      <cx>-0.22406110940835333</cx>
      <cy>-0.4518806319398152</cy>
    </calibration>
  </depth_map>
  <depth_map camera_id="19" level="2" path="2/d19.exr">
    <calibration type="frame">
      <resolution width="267" height="141"/>
      <f>262.38725754596339</f>
      <cx>-0.36203055470417667</cx>
      <cy>-0.2259403159699076</cy>
    </calibration>
  </depth_map>
  <depth_map camera_id="20" level="0" path="0/d20.exr">
    <calibration type="frame">
      <resolution width="1065" height="563"/>
      <f>1049.5490301838536</f>
      <cx>0.051877781183293337</cx>
      <cy>-0.40376126387963041</cy>
    </calibration>
  </depth_map>
  <depth_map camera_id="20" level="1" path="1/d20.exr">
    <calibration type="frame">
      <resolution width="533" height="282"/>
      <f>524.77451509192679</f>
      <cx>-0.22406110940835333</cx>
      <cy>-0.4518806319398152</cy>
    </calibration>
  </depth_map>
  <depth_map camera_id="20" level="2" path="2/d20.exr">
    <calibration type="frame">
      <resolution width="267" height="141"/>
      <f>262.38725754596339</f>
      <cx>-0.36203055470417667</cx>
      <cy>-0.2259403159699076</cy>
    </calibration>
  </depth_map>
  <depth_map camera_id="21" level="0" path="0/d21.exr">
    <calibration type="frame">
      <resolution width="1065" height="563"/>
      <f>1049.5490301838536</f>
      <cx>0.051877781183293337</cx>
      <cy>-0.40376126387963041</cy>
    </calibration>
  </depth_map>
  <depth_map camera_id="21" level="1" path="1/d21.exr">
    <calibration type="frame">
      <resolution width="533" height="282"/>
      <f>524.77451509192679</f>
      <cx>-0.22406110940835333</cx>
      <cy>-0.4518806319398152</cy>
    </calibration>
  </depth_map>
  <depth_map camera_id="21" level="2" path="2/d21.exr">
    <calibration type="frame">
      <resolution width="267" height="141"/>
      <f>262.38725754596339</f>
      <cx>-0.36203055470417667</cx>
      <cy>-0.2259403159699076</cy>
    </calibration>
  </depth_map>
  <depth_map camera_id="22" level="0" path="0/d22.exr">
    <calibration type="frame">
      <resolution width="1065" height="563"/>
      <f>1049.5490301838536</f>
      <cx>0.051877781183293337</cx>
      <cy>-0.40376126387963041</cy>
    </calibration>
  </depth_map>
  <depth_map camera_id="22" level="1" path="1/d22.exr">
    <calibration type="frame">
      <resolution width="533" height="282"/>
      <f>524.77451509192679</f>
      <cx>-0.22406110940835333</cx>
      <cy>-0.4518806319398152</cy>
    </calibration>
  </depth_map>
  <depth_map camera_id="22" level="2" path="2/d22.exr">
    <calibration type="frame">
      <resolution width="267" height="141"/>
      <f>262.38725754596339</f>
      <cx>-0.36203055470417667</cx>
      <cy>-0.2259403159699076</cy>
    </calibration>
  </depth_map>
  <depth_map camera_id="23" level="0" path="0/d23.exr">
    <calibration type="frame">
      <resolution width="1065" height="563"/>
      <f>1049.5490301838536</f>
      <cx>0.051877781183293337</cx>
      <cy>-0.40376126387963041</cy>
    </calibration>
  </depth_map>
  <depth_map camera_id="23" level="1" path="1/d23.exr">
    <calibration type="frame">
      <resolution width="533" height="282"/>
      <f>524.77451509192679</f>
      <cx>-0.22406110940835333</cx>
      <cy>-0.4518806319398152</cy>
    </calibration>
  </depth_map>
  <depth_map camera_id="23" level="2" path="2/d23.exr">
    <calibration type="frame">
      <resolution width="267" height="141"/>
      <f>262.38725754596339</f>
      <cx>-0.36203055470417667</cx>
      <cy>-0.2259403159699076</cy>
    </calibration>
  </depth_map>
  <depth_map camera_id="24" level="0" path="0/d24.exr">
    <calibration type="frame">
      <resolution width="1065" height="563"/>
      <f>1049.5490301838536</f>
      <cx>0.051877781183293337</cx>
      <cy>-0.40376126387963041</cy>
    </calibration>
  </depth_map>
  <depth_map camera_id="24" level="1" path="1/d24.exr">
    <calibration type="frame">
      <resolution width="533" height="282"/>
      <f>524.77451509192679</f>
      <cx>-0.22406110940835333</cx>
      <cy>-0.4518806319398152</cy>
    </calibration>
  </depth_map>
  <depth_map camera_id="24" level="2" path="2/d24.exr">
    <calibration type="frame">
      <resolution width="267" height="141"/>
      <f>262.38725754596339</f>
      <cx>-0.36203055470417667</cx>
      <cy>-0.2259403159699076</cy>
    </calibration>
  </depth_map>
</depth_maps>
