<?xml version="1.0" encoding="UTF-8"?>
<point_cloud version="1.2.0">
  <params>
    <dataType>uint8</dataType>
    <bands>
      <band label="Red"/>
      <band label="Green"/>
      <band label="Blue"/>
    </bands>
  </params>
  <tracks path="tracks.ply" count="28747"/>
  <points component_id="0" path="points0.ply" count="23420"/>
  <projections camera_id="0" path="p0.ply" count="4467"/>
  <projections camera_id="1" path="p1.ply" count="4235"/>
  <projections camera_id="2" path="p2.ply" count="4662"/>
  <projections camera_id="3" path="p3.ply" count="4169"/>
  <projections camera_id="4" path="p4.ply" count="4119"/>
  <projections camera_id="5" path="p5.ply" count="5626"/>
  <projections camera_id="6" path="p6.ply" count="4294"/>
  <projections camera_id="7" path="p7.ply" count="4038"/>
  <projections camera_id="8" path="p8.ply" count="4061"/>
  <projections camera_id="9" path="p9.ply" count="4022"/>
  <projections camera_id="10" path="p10.ply" count="3222"/>
  <projections camera_id="11" path="p11.ply" count="2146"/>
  <projections camera_id="12" path="p12.ply" count="4103"/>
  <projections camera_id="13" path="p13.ply" count="591"/>
  <projections camera_id="14" path="p14.ply" count="632"/>
  <projections camera_id="15" path="p15.ply" count="4194"/>
  <projections camera_id="16" path="p16.ply" count="4208"/>
  <projections camera_id="17" path="p17.ply" count="4186"/>
  <projections camera_id="18" path="p18.ply" count="4234"/>
  <projections camera_id="19" path="p19.ply" count="4814"/>
  <projections camera_id="20" path="p20.ply" count="4151"/>
  <projections camera_id="21" path="p21.ply" count="7188"/>
  <projections camera_id="22" path="p22.ply" count="7208"/>
  <projections camera_id="23" path="p23.ply" count="4263"/>
  <projections camera_id="24" path="p24.ply" count="4276"/>
  <meta>
    <property name="Info/LastSavedDateTime" value="2025:05:10 23:58:41"/>
    <property name="Info/LastSavedSoftwareVersion" value="2.2.1.20539"/>
    <property name="Info/OriginalDateTime" value="2025:05:10 23:56:36"/>
    <property name="Info/OriginalSoftwareVersion" value="2.2.1.20539"/>
    <property name="MatchPhotos/cameras" value=""/>
    <property name="MatchPhotos/descriptor_type" value="binary"/>
    <property name="MatchPhotos/descriptor_version" value="1.1.0"/>
    <property name="MatchPhotos/downscale" value="1"/>
    <property name="MatchPhotos/downscale_3d" value="1"/>
    <property name="MatchPhotos/duration" value="5.096"/>
    <property name="MatchPhotos/filter_stationary_points" value="true"/>
    <property name="MatchPhotos/generic_preselection" value="true"/>
    <property name="MatchPhotos/guided_matching" value="false"/>
    <property name="MatchPhotos/keep_keypoints" value="false"/>
    <property name="MatchPhotos/keypoint_limit" value="40000"/>
    <property name="MatchPhotos/keypoint_limit_3d" value="100000"/>
    <property name="MatchPhotos/keypoint_limit_per_mpx" value="1000"/>
    <property name="MatchPhotos/laser_scans_use_initial_orientation" value="false"/>
    <property name="MatchPhotos/laser_scans_vertical_axis" value="0"/>
    <property name="MatchPhotos/match_laser_scans" value="false"/>
    <property name="MatchPhotos/max_workgroup_size" value="100"/>
    <property name="MatchPhotos/ram_used" value="287539200"/>
    <property name="MatchPhotos/reference_preselection" value="false"/>
    <property name="MatchPhotos/reference_preselection_mode" value="0"/>
    <property name="MatchPhotos/reset_matches" value="false"/>
    <property name="MatchPhotos/subdivide_task" value="true"/>
    <property name="MatchPhotos/tiepoint_limit" value="4000"/>
    <property name="MatchPhotos/workitem_size_cameras" value="20"/>
    <property name="MatchPhotos/workitem_size_pairs" value="80"/>
  </meta>
</point_cloud>
