<?xml version="1.0" encoding="UTF-8"?>
<frame version="1.2.0">
  <cameras>
    <camera camera_id="0">
      <photo path="../../../../Photo-grammatery/AS17-137-20903HR.png">
        <meta>
          <property name="File/ImageHeight" value="2364"/>
          <property name="File/ImageWidth" value="2340"/>
          <property name="System/FileModifyDate" value="2025:05:10 16:26:31"/>
          <property name="System/FileSize" value="9667592"/>
        </meta>
      </photo>
    </camera>
    <camera camera_id="1">
      <photo path="../../../../Photo-grammatery/AS17-137-20904HR.png">
        <meta>
          <property name="File/ImageHeight" value="2364"/>
          <property name="File/ImageWidth" value="2340"/>
          <property name="System/FileModifyDate" value="2025:05:10 16:26:31"/>
          <property name="System/FileSize" value="9550135"/>
        </meta>
      </photo>
    </camera>
    <camera camera_id="2">
      <photo path="../../../../Photo-grammatery/AS17-137-20905HR.png">
        <meta>
          <property name="File/ImageHeight" value="2364"/>
          <property name="File/ImageWidth" value="2340"/>
          <property name="System/FileModifyDate" value="2025:05:10 16:26:30"/>
          <property name="System/FileSize" value="8531077"/>
        </meta>
      </photo>
    </camera>
    <camera camera_id="3">
      <photo path="../../../../Photo-grammatery/AS17-137-20906HR.png">
        <meta>
          <property name="File/ImageHeight" value="2364"/>
          <property name="File/ImageWidth" value="2340"/>
          <property name="System/FileModifyDate" value="2025:05:10 16:26:30"/>
          <property name="System/FileSize" value="8666552"/>
        </meta>
      </photo>
    </camera>
    <camera camera_id="4">
      <photo path="../../../../Photo-grammatery/AS17-137-20907HR.png">
        <meta>
          <property name="File/ImageHeight" value="2364"/>
          <property name="File/ImageWidth" value="2340"/>
          <property name="System/FileModifyDate" value="2025:05:10 16:26:30"/>
          <property name="System/FileSize" value="4809564"/>
        </meta>
      </photo>
    </camera>
    <camera camera_id="5">
      <photo path="../../../../Photo-grammatery/AS17-137-20908HR.png">
        <meta>
          <property name="File/ImageHeight" value="2364"/>
          <property name="File/ImageWidth" value="2340"/>
          <property name="System/FileModifyDate" value="2025:05:10 16:26:30"/>
          <property name="System/FileSize" value="5842660"/>
        </meta>
      </photo>
    </camera>
    <camera camera_id="6">
      <photo path="../../../../Photo-grammatery/AS17-137-20909HR.png">
        <meta>
          <property name="File/ImageHeight" value="2364"/>
          <property name="File/ImageWidth" value="2340"/>
          <property name="System/FileModifyDate" value="2025:05:10 16:26:30"/>
          <property name="System/FileSize" value="5467354"/>
        </meta>
      </photo>
    </camera>
    <camera camera_id="7">
      <photo path="../../../../Photo-grammatery/AS17-138-21030HR.png">
        <meta>
          <property name="File/ImageHeight" value="2345"/>
          <property name="File/ImageWidth" value="2340"/>
          <property name="System/FileModifyDate" value="2025:05:10 16:26:30"/>
          <property name="System/FileSize" value="3379768"/>
        </meta>
      </photo>
    </camera>
    <camera camera_id="8">
      <photo path="../../../../Photo-grammatery/AS17-138-21031HR.png">
        <meta>
          <property name="File/ImageHeight" value="2345"/>
          <property name="File/ImageWidth" value="2340"/>
          <property name="System/FileModifyDate" value="2025:05:10 16:26:30"/>
          <property name="System/FileSize" value="3828004"/>
        </meta>
      </photo>
    </camera>
    <camera camera_id="9">
      <photo path="../../../../Photo-grammatery/AS17-138-21032HR.png">
        <meta>
          <property name="File/ImageHeight" value="2345"/>
          <property name="File/ImageWidth" value="2340"/>
          <property name="System/FileModifyDate" value="2025:05:10 16:26:30"/>
          <property name="System/FileSize" value="4039898"/>
        </meta>
      </photo>
    </camera>
    <camera camera_id="10">
      <photo path="../../../../Photo-grammatery/AS17-138-21033HR.png">
        <meta>
          <property name="File/ImageHeight" value="2345"/>
          <property name="File/ImageWidth" value="2340"/>
          <property name="System/FileModifyDate" value="2025:05:10 16:26:30"/>
          <property name="System/FileSize" value="3787434"/>
        </meta>
      </photo>
    </camera>
    <camera camera_id="11">
      <photo path="../../../../Photo-grammatery/AS17-138-21034HR.png">
        <meta>
          <property name="File/ImageHeight" value="2345"/>
          <property name="File/ImageWidth" value="2340"/>
          <property name="System/FileModifyDate" value="2025:05:10 16:26:30"/>
          <property name="System/FileSize" value="4176653"/>
        </meta>
      </photo>
    </camera>
    <camera camera_id="12">
      <photo path="../../../../Photo-grammatery/AS17-138-21035HR.png">
        <meta>
          <property name="File/ImageHeight" value="2345"/>
          <property name="File/ImageWidth" value="2340"/>
          <property name="System/FileModifyDate" value="2025:05:10 16:26:30"/>
          <property name="System/FileSize" value="4129071"/>
        </meta>
      </photo>
    </camera>
    <camera camera_id="13">
      <photo path="../../../../Photo-grammatery/AS17-138-21036HR.png">
        <meta>
          <property name="File/ImageHeight" value="2345"/>
          <property name="File/ImageWidth" value="2340"/>
          <property name="System/FileModifyDate" value="2025:05:10 16:26:30"/>
          <property name="System/FileSize" value="3755796"/>
        </meta>
      </photo>
    </camera>
    <camera camera_id="14">
      <photo path="../../../../Photo-grammatery/AS17-138-21037HR.png">
        <meta>
          <property name="File/ImageHeight" value="2345"/>
          <property name="File/ImageWidth" value="2340"/>
          <property name="System/FileModifyDate" value="2025:05:10 16:26:30"/>
          <property name="System/FileSize" value="3729104"/>
        </meta>
      </photo>
    </camera>
    <camera camera_id="15">
      <photo path="../../../../Photo-grammatery/pic_1.jpg">
        <meta>
          <property name="File/ImageHeight" value="1125"/>
          <property name="File/ImageWidth" value="2130"/>
          <property name="System/FileModifyDate" value="2025:05:10 16:50:02"/>
          <property name="System/FileSize" value="552185"/>
        </meta>
      </photo>
    </camera>
    <camera camera_id="16">
      <photo path="../../../../Photo-grammatery/pic_2.jpg">
        <meta>
          <property name="File/ImageHeight" value="1125"/>
          <property name="File/ImageWidth" value="2130"/>
          <property name="System/FileModifyDate" value="2025:05:10 16:49:59"/>
          <property name="System/FileSize" value="516484"/>
        </meta>
      </photo>
    </camera>
    <camera camera_id="17">
      <photo path="../../../../Photo-grammatery/pic_3.jpg">
        <meta>
          <property name="File/ImageHeight" value="1125"/>
          <property name="File/ImageWidth" value="2130"/>
          <property name="System/FileModifyDate" value="2025:05:10 16:49:59"/>
          <property name="System/FileSize" value="507927"/>
        </meta>
      </photo>
    </camera>
    <camera camera_id="18">
      <photo path="../../../../Photo-grammatery/pic_4.jpg">
        <meta>
          <property name="File/ImageHeight" value="1125"/>
          <property name="File/ImageWidth" value="2130"/>
          <property name="System/FileModifyDate" value="2025:05:10 16:49:59"/>
          <property name="System/FileSize" value="489459"/>
        </meta>
      </photo>
    </camera>
    <camera camera_id="19">
      <photo path="../../../../Photo-grammatery/pic_5.jpg">
        <meta>
          <property name="File/ImageHeight" value="1125"/>
          <property name="File/ImageWidth" value="2130"/>
          <property name="System/FileModifyDate" value="2025:05:10 16:49:59"/>
          <property name="System/FileSize" value="499854"/>
        </meta>
      </photo>
    </camera>
    <camera camera_id="20">
      <photo path="../../../../Photo-grammatery/pic_6.jpg">
        <meta>
          <property name="File/ImageHeight" value="1125"/>
          <property name="File/ImageWidth" value="2130"/>
          <property name="System/FileModifyDate" value="2025:05:10 16:50:02"/>
          <property name="System/FileSize" value="420661"/>
        </meta>
      </photo>
    </camera>
    <camera camera_id="21">
      <photo path="../../../../Photo-grammatery/pic_7.jpg">
        <meta>
          <property name="File/ImageHeight" value="1125"/>
          <property name="File/ImageWidth" value="2130"/>
          <property name="System/FileModifyDate" value="2025:05:10 16:49:57"/>
          <property name="System/FileSize" value="585290"/>
        </meta>
      </photo>
    </camera>
    <camera camera_id="22">
      <photo path="../../../../Photo-grammatery/pic_8.jpg">
        <meta>
          <property name="File/ImageHeight" value="1125"/>
          <property name="File/ImageWidth" value="2130"/>
          <property name="System/FileModifyDate" value="2025:05:10 16:50:02"/>
          <property name="System/FileSize" value="659470"/>
        </meta>
      </photo>
    </camera>
    <camera camera_id="23">
      <photo path="../../../../Photo-grammatery/pic_9.jpg">
        <meta>
          <property name="File/ImageHeight" value="1125"/>
          <property name="File/ImageWidth" value="2130"/>
          <property name="System/FileModifyDate" value="2025:05:10 16:50:02"/>
          <property name="System/FileSize" value="584500"/>
        </meta>
      </photo>
    </camera>
    <camera camera_id="24">
      <photo path="../../../../Photo-grammatery/pic_10.jpg">
        <meta>
          <property name="File/ImageHeight" value="1125"/>
          <property name="File/ImageWidth" value="2130"/>
          <property name="System/FileModifyDate" value="2025:05:10 16:50:02"/>
          <property name="System/FileSize" value="521882"/>
        </meta>
      </photo>
    </camera>
  </cameras>
  <thumbnails path="thumbnails/thumbnails.zip"/>
  <point_cloud path="point_cloud/point_cloud.zip"/>
  <depth_maps id="0" path="depth_maps/depth_maps.zip"/>
  <model id="0" path="model/model.zip"/>
</frame>
