<?xml version="1.0" encoding="UTF-8"?>
<model version="1.2.0">
  <mesh path="mesh.ply">
    <faceCount>517422</faceCount>
    <vertexCount>258908</vertexCount>
    <hasVertexColors>true</hasVertexColors>
    <hasVertexConfidence>true</hasVertexConfidence>
    <hasAssignedCameras>false</hasAssignedCameras>
    <hasUV>true</hasUV>
  </mesh>
  <texture path="texture.tif"/>
  <params>
    <dataType>uint8</dataType>
    <bands>
      <band label="Red"/>
      <band label="Green"/>
      <band label="Blue"/>
    </bands>
  </params>
  <meta>
    <property name="BuildDepthMaps/cameras" value=""/>
    <property name="BuildDepthMaps/downscale" value="2"/>
    <property name="BuildDepthMaps/duration" value="14.459"/>
    <property name="BuildDepthMaps/filter_mode" value="0"/>
    <property name="BuildDepthMaps/max_neighbors" value="16"/>
    <property name="BuildDepthMaps/max_workgroup_size" value="100"/>
    <property name="BuildDepthMaps/reuse_depth" value="false"/>
    <property name="BuildDepthMaps/subdivide_task" value="true"/>
    <property name="BuildDepthMaps/workitem_size_cameras" value="20"/>
    <property name="BuildModel/blocks_size" value="250"/>
    <property name="BuildModel/build_texture" value="true"/>
    <property name="BuildModel/cameras" value=""/>
    <property name="BuildModel/classes" value=""/>
    <property name="BuildModel/clip_to_boundary" value="false"/>
    <property name="BuildModel/duration" value="25.555"/>
    <property name="BuildModel/export_blocks" value="false"/>
    <property name="BuildModel/face_count" value="3"/>
    <property name="BuildModel/face_count_custom" value="200000"/>
    <property name="BuildModel/frames" value=""/>
    <property name="BuildModel/interpolation" value="1"/>
    <property name="BuildModel/iters_max_level" value="12"/>
    <property name="BuildModel/keep_depth" value="true"/>
    <property name="BuildModel/max_workgroup_size" value="100"/>
    <property name="BuildModel/output_folder" value=""/>
    <property name="BuildModel/ram_used" value="715505664"/>
    <property name="BuildModel/replace_asset" value="false"/>
    <property name="BuildModel/source_data" value="6"/>
    <property name="BuildModel/split_in_blocks" value="false"/>
    <property name="BuildModel/subdivide_task" value="true"/>
    <property name="BuildModel/surface_type" value="0"/>
    <property name="BuildModel/trimming_radius" value="10"/>
    <property name="BuildModel/vertex_colors" value="true"/>
    <property name="BuildModel/vertex_confidence" value="true"/>
    <property name="BuildModel/volumetric_masks" value="false"/>
    <property name="BuildModel/workitem_size_cameras" value="20"/>
    <property name="BuildTexture/anti_aliasing" value="1"/>
    <property name="BuildTexture/blending_mode" value="3"/>
    <property name="BuildTexture/cameras" value=""/>
    <property name="BuildTexture/duration" value="11.962"/>
    <property name="BuildTexture/fill_holes" value="true"/>
    <property name="BuildTexture/ghosting_filter" value="true"/>
    <property name="BuildTexture/max_workgroup_size" value="100"/>
    <property name="BuildTexture/ram_used" value="2214477824"/>
    <property name="BuildTexture/source_asset" value="4294967295"/>
    <property name="BuildTexture/source_data" value="7"/>
    <property name="BuildTexture/texture_size" value="8192"/>
    <property name="BuildTexture/texture_type" value="0"/>
    <property name="BuildTexture/transfer_texture" value="false"/>
    <property name="BuildTexture/vram_used" value="1818843696"/>
    <property name="BuildTexture/workitem_size_cameras" value="20"/>
    <property name="BuildUV/camera" value="4294967295"/>
    <property name="BuildUV/duration" value="2.085"/>
    <property name="BuildUV/mapping_mode" value="3"/>
    <property name="BuildUV/page_count" value="1"/>
    <property name="BuildUV/pixel_size" value="0.0011076662309417551"/>
    <property name="BuildUV/ram_used" value="14602240"/>
    <property name="BuildUV/texture_size" value="8192"/>
    <property name="Info/LastSavedDateTime" value="2025:05:10 23:58:41"/>
    <property name="Info/LastSavedSoftwareVersion" value="2.2.1.20539"/>
    <property name="Info/OriginalDateTime" value="2025:05:10 23:57:42"/>
    <property name="Info/OriginalSoftwareVersion" value="2.2.1.20539"/>
  </meta>
</model>
